City_ID,City,Country,Date,Lat,Lng,Max Temp,Humidity,Cloudiness,Wind Speed,Current Description
0,Puerto Ayora,EC,2022-09-08 02:06:13,-0.7393,-90.3518,68.56,94,100,5.99,overcast clouds
1,Qaanaaq,GL,2022-09-08 02:06:58,77.484,-69.3632,28.89,80,51,3.04,broken clouds
2,Punta Arenas,CL,2022-09-08 02:06:01,-53.15,-70.9167,35.71,80,40,12.66,scattered clouds
3,Jamestown,US,2022-09-08 02:05:45,42.097,-79.2353,65.17,70,100,3.44,overcast clouds
4,Waingapu,ID,2022-09-08 02:15:49,-9.6567,120.2641,85.59,61,40,11.7,scattered clouds
5,Iqaluit,CA,2022-09-08 02:12:35,63.7506,-68.5145,42.53,81,75,11.5,broken clouds
6,Leningradskiy,RU,2022-09-08 02:11:17,69.3833,178.4167,46.99,50,9,10.45,clear sky
7,Bluff,NZ,2022-09-08 02:06:15,-46.6,168.3333,50.81,62,34,2.3,scattered clouds
8,Tulum,MX,2022-09-08 02:15:52,20.2167,-87.4667,79.3,84,31,4.18,scattered clouds
9,Mataura,NZ,2022-09-08 02:06:12,-46.1927,168.8643,50.49,60,35,0.92,scattered clouds
10,Barrow,US,2022-09-08 02:04:00,71.2906,-156.7887,41.02,87,100,10.36,overcast clouds
11,Thompson,CA,2022-09-08 02:03:34,55.7435,-97.8558,62.8,41,95,2.48,overcast clouds
12,Ushuaia,AR,2022-09-08 02:15:55,-54.8,-68.3,38.86,75,75,5.75,broken clouds
13,Atar,MR,2022-09-08 02:15:56,20.5169,-13.0499,93.07,21,2,10.42,clear sky
14,Pokhara,NP,2022-09-08 02:15:57,28.2333,83.9833,75.02,81,35,0.16,scattered clouds
15,Rikitea,PF,2022-09-08 02:06:54,-23.1203,-134.9692,72.59,75,0,23.58,clear sky
16,Tabuk,PH,2022-09-08 02:15:59,17.4189,121.4443,85.06,73,49,4.56,scattered clouds
17,Bengkulu,ID,2022-09-08 02:11:25,-3.8004,102.2655,79.0,71,100,2.37,overcast clouds
18,Fare,PF,2022-09-08 02:16:01,-16.7,-151.0167,77.83,75,64,21.0,light rain
19,Flinders,AU,2022-09-08 02:09:14,-34.5833,150.8552,70.18,68,100,5.99,overcast clouds
20,Mar Del Plata,AR,2022-09-08 02:05:05,-38.0023,-57.5575,55.33,81,100,8.3,overcast clouds
21,Hithadhoo,MV,2022-09-08 02:07:39,-0.6,73.0833,81.97,71,57,15.82,broken clouds
22,Gushi,CN,2022-09-08 02:16:04,34.6425,109.5843,73.27,61,100,9.48,overcast clouds
23,Yellowknife,CA,2022-09-08 02:06:33,62.456,-114.3525,42.98,87,100,12.86,overcast clouds
24,Mahanoro,MG,2022-09-08 02:16:06,-19.9,48.8,64.2,87,0,2.86,clear sky
25,Cabo San Lucas,MX,2022-09-08 02:03:11,22.8909,-109.9124,81.05,91,100,19.57,overcast clouds
26,Tasiilaq,GL,2022-09-08 02:06:18,65.6145,-37.6368,41.16,99,100,1.59,light rain
27,Narsaq,GL,2022-09-08 02:07:32,60.9167,-46.05,44.82,81,90,2.66,overcast clouds
28,Ilulissat,GL,2022-09-08 02:08:30,69.2167,-51.1,39.22,87,100,1.14,overcast clouds
29,Wismar,DE,2022-09-08 02:16:10,53.9,11.4667,60.21,83,33,1.01,scattered clouds
30,Estelle,US,2022-09-08 02:16:11,29.8458,-90.1067,82.38,79,75,0.0,broken clouds
31,Okhotsk,RU,2022-09-08 02:16:12,59.3833,143.3,53.24,95,100,15.17,moderate rain
32,Beringovskiy,RU,2022-09-08 02:09:38,63.05,179.3167,45.81,63,6,6.04,clear sky
33,Nioro,GM,2022-09-08 02:16:14,13.35,-15.75,76.32,96,100,4.97,overcast clouds
34,Pevek,RU,2022-09-08 02:09:20,69.7008,170.3133,45.5,56,24,20.87,few clouds
35,Kapaa,US,2022-09-08 02:16:15,22.0752,-159.319,87.78,68,0,13.8,clear sky
36,Albany,US,2022-09-08 02:03:11,42.6001,-73.9662,63.3,93,39,2.57,scattered clouds
37,Lata,PT,2022-09-08 02:11:27,40.1629,-8.3327,67.82,75,100,3.13,overcast clouds
38,Bethel,US,2022-09-08 02:08:20,41.3712,-73.414,68.36,83,98,1.99,overcast clouds
39,Yulara,AU,2022-09-08 02:10:50,-25.2406,130.9889,66.45,27,0,14.83,clear sky
40,Lavrentiya,RU,2022-09-08 02:07:33,65.5833,-171.0,43.54,90,100,5.46,light rain
41,Carnarvon,AU,2022-09-08 02:08:53,-24.8667,113.6333,68.63,38,99,8.48,overcast clouds
42,Atuona,PF,2022-09-08 02:05:43,-9.8,-139.0333,76.6,79,27,28.3,scattered clouds
43,Homer,US,2022-09-08 02:16:22,59.6425,-151.5483,55.27,84,100,4.61,light rain
44,Xingcheng,CN,2022-09-08 02:16:23,40.6167,120.7167,80.17,43,0,9.73,clear sky
45,Vaini,TO,2022-09-08 02:16:24,-21.2,-175.2,82.56,89,20,11.5,few clouds
46,Kaitangata,NZ,2022-09-08 02:09:05,-46.2817,169.8464,51.64,52,25,3.51,scattered clouds
47,Mount Isa,AU,2022-09-08 02:12:34,-20.7333,139.5,85.77,30,0,11.5,clear sky
48,Nikolskoye,RU,2022-09-08 02:10:16,59.7035,30.7861,44.78,94,66,4.63,broken clouds
49,Lake Charles,US,2022-09-08 02:12:59,30.2131,-93.2044,75.42,89,40,8.05,scattered clouds
50,Bull Savanna,JM,2022-09-08 02:16:28,17.8868,-77.5902,78.58,80,40,1.03,scattered clouds
51,San Patricio,US,2022-09-08 02:16:29,28.017,-97.5169,82.89,72,99,8.46,overcast clouds
52,Longyearbyen,SJ,2022-09-08 02:10:33,78.2186,15.6401,40.84,87,75,6.91,light rain
53,Votkinsk,RU,2022-09-08 02:16:32,57.0486,53.9872,45.77,96,100,6.62,overcast clouds
54,Saldanha,ZA,2022-09-08 02:06:49,-33.0117,17.9442,55.22,90,0,16.51,clear sky
55,Mahebourg,MU,2022-09-08 02:08:41,-20.4081,57.7,68.29,73,75,3.44,broken clouds
56,Provideniya,RU,2022-09-08 02:16:34,64.3833,-173.3,51.91,66,75,11.18,broken clouds
57,Tuktoyaktuk,CA,2022-09-08 02:16:35,69.4541,-133.0374,42.8,93,100,10.36,light intensity drizzle
58,Orel-Izumrud,RU,2022-09-08 02:16:36,43.4583,39.9244,59.02,67,40,11.18,scattered clouds
59,Hobart,AU,2022-09-08 02:06:41,-42.8794,147.3294,57.25,82,75,6.91,broken clouds
60,Huilong,CN,2022-09-08 02:16:38,31.8111,121.655,80.62,57,30,7.94,scattered clouds
61,Karratha,AU,2022-09-08 02:12:42,-20.7377,116.8463,75.74,32,0,8.3,clear sky
62,Atasu,KZ,2022-09-08 02:16:41,48.6814,71.6433,54.09,33,100,5.97,overcast clouds
63,Naze,JP,2022-09-08 02:12:33,28.3667,129.4833,86.92,76,87,11.18,overcast clouds
64,Zyryanka,RU,2022-09-08 02:16:42,65.75,150.85,61.32,53,52,26.57,broken clouds
65,Karpogory,RU,2022-09-08 02:16:43,64.0019,44.4451,34.7,98,77,5.46,broken clouds
66,Shangrao,CN,2022-09-08 02:16:45,28.4532,117.9686,85.05,43,73,3.94,broken clouds
67,Kodiak,US,2022-09-08 02:16:46,57.79,-152.4072,53.11,94,100,17.27,moderate rain
68,Usinsk,RU,2022-09-08 02:16:47,65.9939,57.5281,32.99,94,93,8.03,overcast clouds
69,Glens Falls,US,2022-09-08 02:16:49,43.3095,-73.644,62.51,95,18,1.99,few clouds
70,Esperance,AU,2022-09-08 02:10:37,-33.8667,121.9,56.98,64,100,11.39,overcast clouds
71,Toowoomba,AU,2022-09-08 02:16:51,-27.55,151.9667,62.26,69,100,4.0,overcast clouds
72,Livingston,GB,2022-09-08 02:16:52,55.9029,-3.5226,59.22,95,40,3.44,scattered clouds
73,Praia Da Vitoria,PT,2022-09-08 02:16:53,38.7333,-27.0667,77.25,88,75,15.68,light intensity shower rain
74,Katsuura,JP,2022-09-08 02:07:05,35.1333,140.3,80.62,83,100,19.82,overcast clouds
75,Busselton,AU,2022-09-08 02:06:57,-33.65,115.3333,55.44,70,100,7.96,overcast clouds
76,Ziro,IN,2022-09-08 02:16:56,27.6333,93.8333,59.74,98,100,1.92,overcast clouds
77,Dzilam Gonzalez,MX,2022-09-08 02:16:57,21.2833,-88.9333,78.71,85,100,4.0,overcast clouds
78,Rioja,AR,2022-09-08 02:16:58,-29.4111,-66.8507,69.01,18,1,6.46,clear sky
79,Thinadhoo,MV,2022-09-08 02:17:00,0.5333,72.9333,82.98,67,100,15.32,overcast clouds
80,Mundra,IN,2022-09-08 02:17:01,22.85,69.7333,80.82,75,6,10.71,clear sky
81,Havoysund,NO,2022-09-08 02:17:02,70.9963,24.6622,48.43,95,100,24.58,overcast clouds
82,Ubinskoye,RU,2022-09-08 02:17:03,55.3068,79.6802,48.67,68,9,19.84,clear sky
83,Rameswaram,IN,2022-09-08 02:17:04,9.2833,79.3,81.93,71,100,15.97,light rain
84,Pisco,PE,2022-09-08 02:07:47,-13.7,-76.2167,59.05,88,100,14.97,overcast clouds
85,Floro,NO,2022-09-08 02:17:05,61.5996,5.0328,57.16,82,100,10.36,overcast clouds
86,Victoria,HK,2022-09-08 02:04:29,22.2855,114.1577,89.96,73,18,5.01,few clouds
87,Shihezi,CN,2022-09-08 02:17:07,44.3,86.0333,87.8,16,0,4.41,clear sky
88,Dalvik,IS,2022-09-08 02:17:08,65.9702,-18.5286,37.33,82,62,4.41,broken clouds
89,Klaksvik,FO,2022-09-08 02:12:31,62.2266,-6.589,56.32,98,100,17.16,light rain
90,Matay,EG,2022-09-08 02:17:10,28.419,30.7792,75.97,71,0,10.65,clear sky
91,Te Anau,NZ,2022-09-08 02:10:59,-45.4167,167.7167,45.25,78,57,1.19,broken clouds
92,Upernavik,GL,2022-09-08 02:08:22,72.7868,-56.1549,38.12,75,95,5.01,overcast clouds
93,Bredasdorp,ZA,2022-09-08 02:17:13,-34.5322,20.0403,47.1,93,41,0.85,scattered clouds
94,Vila Velha,BR,2022-09-08 02:17:14,-20.3297,-40.2925,67.95,83,20,3.44,few clouds
95,Tveit,NO,2022-09-08 02:17:15,58.2337,8.122,62.62,81,100,8.05,overcast clouds
96,Chokurdakh,RU,2022-09-08 02:17:16,70.6333,147.9167,57.36,40,100,13.24,overcast clouds
97,West Fargo,US,2022-09-08 02:13:39,46.875,-96.9004,78.8,67,0,11.5,clear sky
98,Lebu,CL,2022-09-08 02:17:17,-37.6167,-73.65,44.15,71,22,6.98,few clouds
99,New Norfolk,AU,2022-09-08 02:17:18,-42.7826,147.0587,58.5,71,100,1.99,overcast clouds
100,Svetlogorsk,BY,2022-09-08 02:12:11,52.6333,29.7333,49.39,76,100,4.83,overcast clouds
101,Faanui,PF,2022-09-08 02:13:48,-16.4833,-151.75,77.67,77,11,19.62,few clouds
102,Nerchinskiy Zavod,RU,2022-09-08 02:17:21,51.3088,119.61,60.62,36,4,6.33,clear sky
103,Ambilobe,MG,2022-09-08 02:17:22,-13.2,49.05,64.33,76,24,3.8,few clouds
104,Saint-Philippe,RE,2022-09-08 02:17:23,-21.3585,55.7679,69.39,82,47,9.95,scattered clouds
105,Vostok,RU,2022-09-08 02:08:36,46.4856,135.8833,66.97,52,4,10.76,clear sky
106,Avarua,CK,2022-09-08 02:17:25,-21.2078,-159.775,77.05,78,75,13.8,light rain
107,Massaguet,TD,2022-09-08 02:17:26,12.4755,15.4365,81.9,71,64,5.7,broken clouds
108,Ankazoabo,MG,2022-09-08 02:17:26,-22.2833,44.5167,60.57,68,0,8.43,clear sky
109,Matagami,CA,2022-09-08 02:17:27,49.7502,-77.6328,53.71,87,0,0.0,clear sky
110,Ilesha,NG,2022-09-08 02:17:29,7.1371,5.2583,69.64,99,91,2.8,overcast clouds
111,Port Alfred,ZA,2022-09-08 02:08:43,-33.5906,26.891,60.22,86,3,3.58,clear sky
112,Vestmannaeyjar,IS,2022-09-08 02:07:37,63.4427,-20.2734,53.4,84,99,6.46,overcast clouds
113,Polunochnoye,RU,2022-09-08 02:17:32,60.8697,60.4153,41.38,95,100,4.65,overcast clouds
114,Saint George,US,2022-09-08 02:13:13,37.1041,-113.5841,100.99,18,0,11.5,clear sky
115,Castro,BR,2022-09-08 02:09:43,-24.7911,-50.0119,55.94,94,0,3.98,clear sky
116,Hofn,IS,2022-09-08 02:13:21,64.2539,-15.2082,52.41,86,100,4.94,overcast clouds
117,Vanimo,PG,2022-09-08 02:17:35,-2.6741,141.3028,84.2,71,88,5.1,overcast clouds
118,Ndola,ZM,2022-09-08 02:17:36,-12.9587,28.6366,59.65,60,0,7.31,clear sky
119,Torbay,CA,2022-09-08 02:17:37,47.6666,-52.7314,54.39,92,100,18.41,light intensity shower rain
120,Hermanus,ZA,2022-09-08 02:17:38,-34.4187,19.2345,53.8,85,7,6.69,clear sky
121,Hasaki,JP,2022-09-08 02:17:39,35.7333,140.8333,75.6,82,57,20.07,broken clouds
122,Omboue,GA,2022-09-08 02:08:12,-1.5746,9.2618,74.19,87,100,9.62,light rain
123,Ust-Nera,RU,2022-09-08 02:17:41,64.5667,143.2,46.6,91,100,5.03,overcast clouds
124,Sobolevo,RU,2022-09-08 02:17:42,54.4299,31.8996,38.8,96,11,6.64,few clouds
125,Tangping,CN,2022-09-08 02:17:43,22.0265,111.9323,89.11,75,100,6.42,overcast clouds
126,Port Elizabeth,ZA,2022-09-08 02:17:44,-33.918,25.5701,58.32,91,0,10.0,clear sky
127,Butaritari,KI,2022-09-08 02:08:11,3.0707,172.7902,81.46,74,33,15.93,scattered clouds
128,Saint Anthony,US,2022-09-08 02:15:15,45.0205,-93.218,78.91,75,0,5.75,clear sky
129,Fukuyama,JP,2022-09-08 02:17:46,34.4833,133.3667,84.79,58,100,3.78,overcast clouds
130,Orlik,RU,2022-09-08 02:17:48,52.5178,99.825,66.0,39,52,2.77,broken clouds
131,Porto Novo,BJ,2022-09-08 02:17:49,6.4965,2.6036,76.82,89,99,7.85,overcast clouds
132,Luderitz,NA,2022-09-08 02:09:12,-26.6481,15.1594,57.25,72,3,10.54,clear sky
133,Chumikan,RU,2022-09-08 02:12:16,54.7183,135.315,57.96,53,99,23.64,overcast clouds
134,Waipawa,NZ,2022-09-08 02:17:51,-41.4122,175.5153,51.06,70,81,2.21,broken clouds
135,Khatanga,RU,2022-09-08 02:08:02,71.9667,102.5,34.75,70,20,7.92,few clouds
136,Katherine,AU,2022-09-08 02:17:53,-14.4667,132.2667,91.72,29,33,8.05,scattered clouds
137,Moranbah,AU,2022-09-08 02:17:54,-22.0016,148.0466,77.72,43,92,9.64,overcast clouds
138,Tema,GH,2022-09-08 02:17:55,5.667,-0.0166,75.61,94,75,10.36,broken clouds
139,Vavuniya,LK,2022-09-08 02:17:57,8.7514,80.4971,77.47,82,100,8.19,heavy intensity rain
140,Port Blair,IN,2022-09-08 02:08:31,11.6667,92.75,79.48,85,100,20.33,overcast clouds
141,Namibe,AO,2022-09-08 02:10:04,-15.1961,12.1522,64.26,95,64,4.23,broken clouds
142,Ponta Do Sol,PT,2022-09-08 02:10:42,32.6667,-17.1,72.72,77,1,3.49,clear sky
143,Vrapciste,MK,2022-09-08 02:18:00,41.8339,20.8853,62.22,72,9,2.64,clear sky
144,Sibolga,ID,2022-09-08 02:18:01,1.7427,98.7792,81.37,72,97,1.41,overcast clouds
145,Kysyl-Syr,RU,2022-09-08 02:18:02,63.8986,122.7617,49.96,64,96,10.22,overcast clouds
146,Kourou,GF,2022-09-08 02:18:03,5.1552,-52.6478,75.25,89,67,7.61,broken clouds
147,Kruisfontein,ZA,2022-09-08 02:10:15,-34.0033,24.7314,52.54,76,3,4.9,clear sky
148,Fortuna,US,2022-09-08 02:18:05,40.5982,-124.1573,69.1,79,15,1.01,few clouds
149,Bakchar,RU,2022-09-08 02:12:09,57.0186,82.0711,46.62,72,100,17.78,overcast clouds
150,Chinhoyi,ZW,2022-09-08 02:18:08,-17.3667,30.2,58.95,61,0,7.94,clear sky
151,Aklavik,CA,2022-09-08 02:18:09,68.2191,-135.0107,46.99,64,100,6.08,overcast clouds
152,Pangnirtung,CA,2022-09-08 02:18:11,66.1451,-65.7125,46.81,62,100,10.49,overcast clouds
153,Faya,SA,2022-09-08 02:14:03,18.3851,42.4509,64.92,32,5,5.82,clear sky
154,Cape Town,ZA,2022-09-08 02:17:48,-33.9258,18.4232,56.91,86,0,18.41,clear sky
155,Beni,CD,2022-09-08 02:18:14,0.5,29.4667,60.53,94,78,2.55,broken clouds
156,Yanam,IN,2022-09-08 02:18:15,16.7333,82.2167,77.34,92,100,3.51,overcast clouds
157,Paamiut,GL,2022-09-08 02:18:16,61.994,-49.6678,40.73,83,100,9.35,overcast clouds
158,Sao Jose Da Coroa Grande,BR,2022-09-08 02:18:17,-8.8978,-35.1478,73.26,78,54,10.96,broken clouds
159,Cusco,PE,2022-09-08 02:18:18,-13.5183,-71.9781,50.23,62,7,6.91,clear sky
160,Broken Hill,AU,2022-09-08 02:06:54,-31.95,141.4333,62.6,47,0,22.19,clear sky
161,Bereda,ES,2022-09-08 02:18:20,43.2686,-7.5406,62.42,100,100,4.23,overcast clouds
162,Morales,CO,2022-09-08 02:18:21,2.757,-76.6172,59.16,92,44,1.63,scattered clouds
163,Gemena,CD,2022-09-08 02:18:22,3.25,19.7667,71.02,98,100,1.16,overcast clouds
164,Oyama,JP,2022-09-08 02:18:23,36.3,139.8,79.59,95,100,9.48,moderate rain
165,Shieli,KZ,2022-09-08 02:18:24,44.1667,66.75,66.36,23,79,15.99,broken clouds
166,Cherskiy,RU,2022-09-08 02:18:25,68.75,161.3,60.06,34,100,22.3,overcast clouds
167,Dingle,PH,2022-09-08 02:18:26,10.9995,122.6711,85.35,74,52,4.38,broken clouds
168,La Rioja,ES,2022-09-08 02:18:27,42.25,-2.5,53.38,68,100,6.49,overcast clouds
169,Zemio,CF,2022-09-08 02:09:02,5.0314,25.1361,66.92,98,100,2.21,light rain
170,Deputatskiy,RU,2022-09-08 02:09:15,69.3,139.9,37.42,95,100,9.15,moderate rain
171,Belmonte,BR,2022-09-08 02:12:24,-15.8631,-38.8828,70.12,82,87,10.69,overcast clouds
172,Hilo,US,2022-09-08 02:18:22,19.7297,-155.09,84.27,74,75,10.36,broken clouds
173,Arraial Do Cabo,BR,2022-09-08 02:18:34,-22.9661,-42.0278,68.29,79,0,28.25,clear sky
174,Codrington,AU,2022-09-08 02:18:35,-38.2667,141.9667,57.09,94,100,15.86,moderate rain
175,Haines Junction,CA,2022-09-08 02:11:52,60.7522,-137.5108,53.55,43,96,11.5,overcast clouds
176,Kisangani,CD,2022-09-08 02:18:38,0.5167,25.2,70.47,95,100,1.19,light rain
177,Komsomolskiy,UZ,2022-09-08 02:18:39,40.4272,71.7189,72.32,35,0,4.61,clear sky
178,Snezhnogorsk,RU,2022-09-08 02:18:40,69.1933,33.2531,40.78,78,100,13.06,overcast clouds
179,Nantucket,US,2022-09-08 02:16:48,41.2835,-70.0995,66.31,87,75,11.5,broken clouds
180,Den Helder,NL,2022-09-08 02:18:41,52.9599,4.7593,66.18,83,100,9.22,overcast clouds
181,Kalmunai,LK,2022-09-08 02:18:42,7.4167,81.8167,80.69,74,100,2.75,overcast clouds
182,Los Llanos De Aridane,ES,2022-09-08 02:18:43,28.6585,-17.9182,67.75,83,0,10.36,clear sky
183,Isangel,VU,2022-09-08 02:18:44,-19.55,169.2667,80.96,71,7,4.68,clear sky
184,Pouembout,NC,2022-09-08 02:18:45,-21.1333,164.9,74.43,70,62,6.02,broken clouds
185,Vilcun,CL,2022-09-08 02:17:08,-38.65,-72.2333,29.14,96,29,2.17,scattered clouds
186,Acari,PE,2022-09-08 02:18:48,-15.4311,-74.6158,64.2,70,45,3.38,scattered clouds
187,Jalu,LY,2022-09-08 02:18:49,29.0331,21.5482,71.47,55,0,9.57,clear sky
188,Fukue,JP,2022-09-08 02:18:50,32.6881,128.8419,80.96,65,40,12.66,scattered clouds
189,Rio Grande,BR,2022-09-08 02:18:51,-32.035,-52.0986,60.24,88,61,4.54,broken clouds
190,Rawson,AR,2022-09-08 02:18:52,-43.3002,-65.1023,43.72,61,81,10.58,broken clouds
191,Shakawe,BW,2022-09-08 02:18:53,-18.3667,21.85,60.76,43,0,5.26,clear sky
192,San Ignacio,BZ,2022-09-08 02:18:54,17.1561,-89.0714,77.14,94,75,6.91,broken clouds
193,Itarema,BR,2022-09-08 02:13:33,-2.9248,-39.9167,77.36,81,2,15.84,clear sky
194,Clyde River,CA,2022-09-08 02:11:43,70.4692,-68.5914,37.63,93,100,16.11,overcast clouds
195,Makaha,US,2022-09-08 02:18:57,21.4694,-158.2175,87.71,60,0,13.31,clear sky
196,Verkhoyansk,RU,2022-09-08 02:18:58,67.5447,133.385,45.12,79,100,14.16,light rain
197,Dikson,RU,2022-09-08 02:18:59,73.5069,80.5464,37.06,90,100,20.4,light rain
198,Teya,RU,2022-09-08 02:19:00,60.3778,92.6267,47.71,84,78,17.38,light rain
199,Kletskaya,RU,2022-09-08 02:19:01,49.3145,43.0584,46.72,52,13,7.78,few clouds
200,Urubicha,BO,2022-09-08 02:19:03,-15.3833,-62.95,81.52,34,0,4.45,clear sky
201,Manta,EC,2022-09-08 02:19:04,-0.95,-80.7333,71.38,78,75,12.66,broken clouds
202,Saskylakh,RU,2022-09-08 02:19:05,71.9167,114.0833,38.91,69,70,6.35,broken clouds
203,Mackay,AU,2022-09-08 02:11:00,-21.15,149.2,77.68,69,9,10.16,clear sky
204,Port Hawkesbury,CA,2022-09-08 02:19:07,45.6169,-61.3485,60.87,95,40,4.61,scattered clouds
205,Lompoc,US,2022-09-08 02:14:15,34.6391,-120.4579,87.78,80,0,11.5,clear sky
206,Cabedelo,BR,2022-09-08 02:19:09,-6.9811,-34.8339,70.47,79,2,13.67,clear sky
207,Maniitsoq,GL,2022-09-08 02:13:12,65.4167,-52.9,40.03,76,99,5.88,overcast clouds
208,Dronten,NL,2022-09-08 02:19:11,52.5,5.7167,65.03,85,100,5.91,moderate rain
209,Bandarbeyla,SO,2022-09-08 02:09:24,9.4942,50.8122,77.04,72,42,23.58,light rain
210,Kavieng,PG,2022-09-08 02:10:32,-2.5744,150.7967,84.29,73,100,12.91,light rain
211,Sinnamary,GF,2022-09-08 02:19:14,5.3833,-52.95,78.69,86,56,10.02,broken clouds
212,Kendari,ID,2022-09-08 02:19:15,-3.945,122.4989,83.08,74,100,1.86,overcast clouds
213,Namatanai,PG,2022-09-08 02:19:16,-3.6667,152.4333,85.12,69,98,10.09,overcast clouds
214,Souillac,MU,2022-09-08 02:17:17,-20.5167,57.5167,68.38,73,75,3.44,broken clouds
215,Severo-Kurilsk,RU,2022-09-08 02:19:18,50.6789,156.125,54.99,96,100,14.52,light rain
216,Dunedin,NZ,2022-09-08 02:19:19,-45.8742,170.5036,49.8,70,24,5.86,few clouds
217,Berlevag,NO,2022-09-08 02:19:20,70.8578,29.0864,48.2,93,100,23.09,overcast clouds
218,Coihueco,CL,2022-09-08 02:16:55,-36.6167,-71.8333,39.94,100,100,5.75,overcast clouds
219,Tuatapere,NZ,2022-09-08 02:19:21,-46.1333,167.6833,51.3,61,16,1.9,few clouds
220,Lahaina,US,2022-09-08 02:17:23,20.8783,-156.6825,87.8,81,8,9.73,clear sky
221,Ahipara,NZ,2022-09-08 02:13:44,-35.1667,173.1667,58.68,58,100,0.49,overcast clouds
222,Comodoro Rivadavia,AR,2022-09-08 02:19:24,-45.8667,-67.5,35.46,93,20,3.44,few clouds
223,Roald,NO,2022-09-08 02:10:45,62.5833,6.1333,55.76,93,99,4.61,overcast clouds
224,Sijunjung,ID,2022-09-08 02:19:26,-0.6876,100.9537,77.09,78,100,0.83,overcast clouds
225,Paramonga,PE,2022-09-08 02:19:27,-10.6667,-77.8333,60.06,86,30,11.86,scattered clouds
226,Akdepe,TM,2022-09-08 02:19:28,42.0551,59.3788,57.29,34,57,17.65,broken clouds
227,Ostrovnoy,RU,2022-09-08 02:19:29,68.0531,39.5131,41.04,88,100,18.12,light rain
228,Porangatu,BR,2022-09-08 02:19:30,-13.4408,-49.1486,79.09,33,13,3.15,few clouds
229,Bolshaya Martynovka,RU,2022-09-08 02:19:31,47.271,41.6679,48.25,50,0,2.93,clear sky
230,Buala,SB,2022-09-08 02:09:32,-8.145,159.5921,85.15,69,96,9.35,overcast clouds
231,Ucluelet,CA,2022-09-08 02:15:16,48.9329,-125.5528,63.09,78,3,4.0,clear sky
232,Malanville,BJ,2022-09-08 02:19:33,11.8685,3.3899,73.35,92,100,4.81,overcast clouds
233,Coracora,PE,2022-09-08 02:19:34,-15.0333,-73.7833,43.52,36,7,0.81,clear sky
234,Ambulu,ID,2022-09-08 02:13:49,-8.345,113.6058,83.17,68,98,2.33,overcast clouds
235,Hambantota,LK,2022-09-08 02:19:36,6.1241,81.1185,79.79,78,99,18.14,overcast clouds
236,Nicoya,CR,2022-09-08 02:19:37,10.1483,-85.452,76.03,94,100,1.95,overcast clouds
237,Ukiah,US,2022-09-08 02:18:51,39.1502,-123.2078,96.69,26,0,4.61,clear sky
238,Olafsvik,IS,2022-09-08 02:10:01,64.8945,-23.7142,52.52,78,22,4.68,few clouds
239,Norman Wells,CA,2022-09-08 02:10:17,65.282,-126.8329,53.4,55,95,7.36,overcast clouds
240,Kribi,CM,2022-09-08 02:19:41,2.95,9.9167,75.11,90,76,6.55,light rain
241,Gairo,IT,2022-09-08 02:19:42,39.8497,9.5047,71.17,58,3,6.4,clear sky
242,Soyo,AO,2022-09-08 02:19:43,-6.1349,12.3689,73.53,89,100,9.19,overcast clouds
243,Urumqi,CN,2022-09-08 02:19:44,43.801,87.6005,83.35,14,0,11.18,clear sky
244,Partizansk,RU,2022-09-08 02:19:45,43.1258,133.1339,74.88,53,0,3.56,clear sky
245,Lexington,US,2022-09-08 02:15:15,37.9887,-84.4777,69.98,74,20,4.61,few clouds
246,Tautira,PF,2022-09-08 02:11:24,-17.7333,-149.15,77.02,76,9,20.98,light rain
247,Cidreira,BR,2022-09-08 02:19:47,-30.1811,-50.2056,60.39,92,0,5.75,clear sky
248,Gubkinskiy,RU,2022-09-08 02:19:48,64.434,76.5026,35.83,80,54,18.5,broken clouds
249,Teknaf,BD,2022-09-08 02:19:49,20.8624,92.3058,82.44,83,86,3.78,overcast clouds
250,Lovozero,RU,2022-09-08 02:19:50,68.005,35.0117,38.79,77,100,10.29,overcast clouds
251,Avenal,US,2022-09-08 02:19:51,36.0041,-120.129,103.77,14,0,6.08,clear sky
252,Tecpan,GT,2022-09-08 02:19:52,14.7623,-90.9947,57.88,95,100,0.89,overcast clouds
253,Constitucion,CL,2022-09-08 02:11:07,-35.3333,-72.4167,46.67,84,92,7.2,overcast clouds
254,Puerto Leguizamo,CO,2022-09-08 02:19:54,-0.1934,-74.7819,70.7,82,63,1.88,broken clouds
255,Bogande,BF,2022-09-08 02:19:55,12.9714,-0.1436,73.85,85,100,4.97,overcast clouds
256,Lasa,IT,2022-09-08 02:19:56,46.6166,10.7002,65.28,95,100,5.1,light rain
257,Ribeira Grande,PT,2022-09-08 02:19:57,38.5167,-28.7,75.24,90,100,18.16,moderate rain
258,Moindou,NC,2022-09-08 02:19:58,-21.6924,165.677,74.39,66,16,10.49,few clouds
259,Abu Samrah,SY,2022-09-08 02:19:59,35.3029,37.1841,72.88,72,0,3.78,clear sky
260,Adrar,MR,2022-09-08 02:20:00,20.5022,-10.0711,94.3,26,7,13.42,clear sky
261,Port Hardy,CA,2022-09-08 02:15:15,50.6996,-127.4199,60.98,67,20,8.05,few clouds
262,Port Said,EG,2022-09-08 02:20:02,31.2565,32.2841,80.38,74,3,6.6,clear sky
263,East London,ZA,2022-09-08 02:10:30,-33.0153,27.9116,60.46,85,11,4.07,few clouds
264,Baherden,TM,2022-09-08 02:18:09,38.4362,57.4316,72.63,39,4,7.45,clear sky
265,Nyurba,RU,2022-09-08 02:20:05,63.2842,118.3319,47.12,77,25,7.47,scattered clouds
266,Port Lincoln,AU,2022-09-08 02:13:35,-34.7333,135.8667,57.51,82,100,20.76,light rain
267,Abu Dhabi,AE,2022-09-08 02:20:08,24.4667,54.3667,89.62,55,0,11.5,clear sky
268,Qandala,SO,2022-09-08 02:20:09,11.472,49.8728,87.24,60,2,2.75,clear sky
269,Greven,DE,2022-09-08 02:20:10,52.0936,7.594,66.02,93,0,1.14,clear sky
270,Guaruja,BR,2022-09-08 02:20:11,-23.9931,-46.2564,66.88,26,50,10.13,scattered clouds
271,Westport,US,2022-09-08 02:15:20,41.1415,-73.3579,69.84,80,100,10.36,overcast clouds
272,Airai,TL,2022-09-08 02:11:08,-8.9266,125.4092,78.28,21,90,2.98,overcast clouds
273,Dubbo,AU,2022-09-08 02:16:38,-32.25,148.6167,62.73,55,100,20.71,light rain
274,Saint-Augustin,CA,2022-09-08 02:11:05,51.226,-58.6502,55.67,70,99,5.7,overcast clouds
275,Dukat,RU,2022-09-08 02:20:15,62.55,155.55,38.68,92,100,8.37,overcast clouds
276,Banjar,ID,2022-09-08 02:20:16,-8.19,114.9675,86.83,63,45,2.71,scattered clouds
277,Medvedevo,RU,2022-09-08 02:20:17,56.6339,47.804,43.57,97,99,5.75,overcast clouds
278,Vao,NC,2022-09-08 02:11:20,-22.6667,167.4833,69.84,71,18,13.04,few clouds
279,Maryville,US,2022-09-08 02:20:19,35.7565,-83.9705,73.17,84,75,10.36,broken clouds
280,Ludvika,SE,2022-09-08 02:20:20,60.1496,15.1878,45.61,94,76,2.04,broken clouds
281,Inirida,CO,2022-09-08 02:20:22,3.8653,-67.9239,73.29,93,76,1.39,broken clouds
282,Bambous Virieux,MU,2022-09-08 02:20:23,-20.3428,57.7575,68.25,73,75,3.44,light rain
283,Fairbanks,US,2022-09-08 02:17:14,64.8378,-147.7164,60.76,67,75,3.44,broken clouds
284,Sitka,US,2022-09-08 02:20:25,57.0531,-135.33,60.69,72,75,10.36,broken clouds
285,Kutum,SD,2022-09-08 02:20:26,14.2,24.6667,70.0,72,100,5.44,overcast clouds
286,Chernyshevskiy,RU,2022-09-08 02:12:01,63.0128,112.4714,44.24,76,77,6.8,broken clouds
287,Mapiripan,CO,2022-09-08 02:20:28,2.8892,-72.1256,74.79,81,18,1.72,few clouds
288,Hudson Bay,CA,2022-09-08 02:20:29,52.85,-102.3842,69.46,46,98,5.35,overcast clouds
289,The Valley,AI,2022-09-08 02:20:30,18.217,-63.0578,84.81,78,100,7.47,overcast clouds
290,Larap,PH,2022-09-08 02:20:32,14.299,122.6504,87.1,68,62,4.7,broken clouds
291,Pangoa,PE,2022-09-08 02:20:33,-12.1167,-73.0,71.42,63,7,3.2,clear sky
292,Husavik,IS,2022-09-08 02:20:34,66.0449,-17.3389,49.96,86,73,3.15,broken clouds
293,Cervo,ES,2022-09-08 02:20:35,43.6702,-7.4101,65.08,83,100,7.96,overcast clouds
294,Alyangula,AU,2022-09-08 02:20:36,-13.8483,136.4192,79.68,68,8,6.89,clear sky
295,Mayumba,GA,2022-09-08 02:20:37,-3.432,10.6554,73.74,89,100,8.14,overcast clouds
296,Abeche,TD,2022-09-08 02:20:38,13.8292,20.8324,77.32,66,100,4.14,overcast clouds
297,Kharabali,RU,2022-09-08 02:19:24,47.4196,47.2568,50.61,49,0,4.59,clear sky
298,Corn Island,NI,2022-09-08 02:20:40,12.1694,-83.0418,83.61,75,54,7.78,broken clouds
299,Kungsbacka,SE,2022-09-08 02:20:41,57.4872,12.0761,54.25,79,100,8.99,overcast clouds
300,Talnakh,RU,2022-09-08 02:20:42,69.4865,88.3972,34.21,67,96,3.4,overcast clouds
301,Asau,RO,2022-09-08 02:20:43,46.4333,26.4,49.28,91,11,4.9,few clouds
302,Zheleznodorozhnyy,RU,2022-09-08 02:20:45,55.7503,38.0042,46.92,90,100,6.87,overcast clouds
303,Yumen,CN,2022-09-08 02:20:46,40.2833,97.2,78.15,10,0,2.53,clear sky
304,Rio Gallegos,AR,2022-09-08 02:10:55,-51.6226,-69.2181,32.05,74,0,5.75,clear sky
305,College,US,2022-09-08 02:12:46,64.8569,-147.8028,60.75,68,75,3.44,broken clouds
306,Varkaus,FI,2022-09-08 02:20:49,62.3153,27.873,42.89,83,100,3.6,overcast clouds
307,Bambanglipuro,ID,2022-09-08 02:20:49,-7.95,110.2833,83.25,69,94,4.38,overcast clouds
308,Shelbyville,US,2022-09-08 02:19:00,35.4834,-86.4603,72.32,68,0,8.05,clear sky
309,Gosainganj,IN,2022-09-08 02:20:51,26.5833,82.3833,83.32,76,5,8.23,clear sky
310,Aden,YE,2022-09-08 02:16:09,12.7794,45.0367,85.73,81,46,9.08,scattered clouds
311,Omsukchan,RU,2022-09-08 02:20:53,62.5333,155.8,41.14,89,100,9.55,overcast clouds
312,Oyon,PE,2022-09-08 02:20:54,-10.6681,-76.7731,46.72,60,84,3.78,broken clouds
313,Moss Point,US,2022-09-08 02:20:55,30.4116,-88.5345,78.08,88,75,8.05,broken clouds
314,Hokitika,NZ,2022-09-08 02:18:56,-42.7167,170.9667,52.56,74,19,3.89,few clouds
315,Ubatuba,BR,2022-09-08 02:20:57,-23.4339,-45.0711,67.42,77,10,3.65,clear sky
316,Qinhuangdao,CN,2022-09-08 02:20:58,39.9317,119.5883,80.98,40,0,10.25,clear sky
317,Itupiranga,BR,2022-09-08 02:17:03,-5.1347,-49.3267,80.92,54,12,2.01,few clouds
318,Nago,JP,2022-09-08 02:20:59,26.5881,127.9761,85.05,70,54,13.13,broken clouds
319,Tiksi,RU,2022-09-08 02:19:35,71.6872,128.8694,44.11,76,100,10.51,overcast clouds
320,Poum,NC,2022-09-08 02:21:01,-20.2333,164.0167,72.88,78,38,7.83,scattered clouds
321,Midland,US,2022-09-08 02:18:48,31.9974,-102.0779,82.49,36,0,8.05,clear sky
322,Praia,CV,2022-09-08 02:21:03,14.9215,-23.5087,79.34,78,20,5.75,few clouds
323,Skjervoy,NO,2022-09-08 02:21:04,70.0311,20.9714,44.6,72,100,6.67,overcast clouds
324,Georgetown,MY,2022-09-08 02:18:18,5.4112,100.3354,80.89,88,20,6.91,few clouds
325,Ust-Kut,RU,2022-09-08 02:21:06,56.7938,105.7672,59.59,73,98,5.82,overcast clouds
326,Solnechnyy,RU,2022-09-08 02:21:07,50.7214,136.6319,65.3,47,52,8.55,broken clouds
327,Koboko,UG,2022-09-08 02:21:08,3.4136,30.9599,61.23,96,39,3.33,scattered clouds
328,Puerto Maldonado,PE,2022-09-08 02:21:09,-12.6,-69.1833,76.05,39,22,1.77,few clouds
329,Hailar,CN,2022-09-08 02:21:11,49.2,119.7,66.83,41,37,8.41,scattered clouds
330,Mackenzie,CA,2022-09-08 02:21:12,55.2999,-123.1698,53.82,87,75,0.0,broken clouds
331,Igarka,RU,2022-09-08 02:21:13,67.4667,86.5833,35.37,71,100,16.11,overcast clouds
332,Amuntai,ID,2022-09-08 02:12:52,-2.4177,115.2494,85.32,68,94,0.45,overcast clouds
333,Urucara,BR,2022-09-08 02:21:14,-2.5364,-57.76,79.66,58,84,3.0,broken clouds
334,Taltal,CL,2022-09-08 02:21:15,-25.4,-70.4833,54.34,80,22,2.44,few clouds
335,Yuza,JP,2022-09-08 02:21:16,39.0,139.9167,77.05,73,100,4.43,overcast clouds
336,Llangefni,GB,2022-09-08 02:21:17,53.2556,-4.3106,58.66,85,74,8.05,broken clouds
337,Francisco Sa,BR,2022-09-08 02:21:18,-16.4758,-43.4883,68.14,68,100,11.05,overcast clouds
338,Bilibino,RU,2022-09-08 02:21:20,68.0546,166.4372,55.42,37,23,5.06,few clouds
339,Kabanjahe,ID,2022-09-08 02:17:05,3.1001,98.4908,69.73,64,100,0.92,overcast clouds
340,Webuye,KE,2022-09-08 02:21:22,0.6075,34.7697,59.04,89,91,3.53,overcast clouds
341,Sergeyevka,KZ,2022-09-08 02:21:23,53.88,67.4158,42.75,79,19,7.49,few clouds
342,San Cristobal,VE,2022-09-08 02:21:24,7.7669,-72.225,77.18,97,29,2.37,scattered clouds
343,Vardo,NO,2022-09-08 02:21:25,70.3705,31.1107,44.58,87,100,10.36,light rain
344,Progreso,MX,2022-09-08 02:21:26,21.2833,-89.6667,81.1,85,51,5.39,broken clouds
345,Limbang,MY,2022-09-08 02:21:27,4.75,115.0,84.31,62,29,0.02,scattered clouds
346,Farafangana,MG,2022-09-08 02:21:28,-22.8167,47.8333,66.38,83,45,2.1,light rain
347,Sulangan,PH,2022-09-08 02:13:17,11.1373,123.7228,83.5,74,100,3.67,overcast clouds
348,Lodja,CD,2022-09-08 02:21:30,-3.4833,23.4333,70.36,91,76,2.66,broken clouds
349,Harare,ZW,2022-09-08 02:21:31,-17.8294,31.0539,51.67,74,0,6.15,clear sky
350,Leshukonskoye,RU,2022-09-08 02:21:32,64.8989,45.7622,37.63,93,98,5.66,overcast clouds
351,Bodden Town,KY,2022-09-08 02:21:33,19.2833,-81.25,83.93,77,20,0.0,few clouds
352,Silifke,TR,2022-09-08 02:21:34,36.3778,33.9344,74.86,33,0,13.38,clear sky
353,Walvis Bay,NA,2022-09-08 02:20:03,-22.9575,14.5053,54.55,94,0,6.91,clear sky
354,Basoko,CD,2022-09-08 02:21:37,1.2391,23.616,71.71,98,100,4.56,moderate rain
355,Batemans Bay,AU,2022-09-08 02:21:38,-35.7167,150.1833,61.95,77,99,5.66,overcast clouds
356,Mananjary,MG,2022-09-08 02:21:39,-21.2167,48.3333,66.47,82,84,0.54,broken clouds
357,Troitsko-Pechorsk,RU,2022-09-08 02:21:40,62.7084,56.1964,33.1,95,84,6.51,broken clouds
358,Roma,US,2022-09-08 02:21:41,43.2128,-75.4557,66.58,90,100,3.44,overcast clouds
359,Houston,US,2022-09-08 02:20:08,29.7633,-95.3633,80.91,73,20,8.05,few clouds
360,Jiuquan,CN,2022-09-08 02:21:43,39.7432,98.5174,78.22,16,0,2.01,clear sky
361,Mawlaik,MM,2022-09-08 02:17:14,23.6333,94.4167,80.42,89,99,0.56,overcast clouds
362,Tombouctou,ML,2022-09-08 02:21:45,20.0,-3.0,89.42,37,100,13.91,overcast clouds
363,Okato,NZ,2022-09-08 02:21:46,-39.2,173.8833,57.9,83,86,1.01,overcast clouds
364,Cortez,US,2022-09-08 02:21:47,37.3489,-108.5859,79.56,22,0,4.61,clear sky
365,Margate,GB,2022-09-08 02:21:48,51.3813,1.3862,62.91,96,100,1.99,moderate rain
366,San Vicente,AR,2022-09-08 02:21:49,-26.6167,-54.1333,55.98,98,42,2.84,scattered clouds
367,Ixtapa,MX,2022-09-08 02:21:51,20.7,-105.2,81.63,74,100,6.91,overcast clouds
368,Necochea,AR,2022-09-08 02:20:39,-38.5473,-58.7368,52.9,65,100,10.94,overcast clouds
369,General Jose Eduvigis Diaz,PY,2022-09-08 02:21:52,-27.1667,-58.4167,70.09,58,13,11.12,few clouds
370,Jatiroto,ID,2022-09-08 02:21:53,-7.8833,111.1167,82.83,65,58,1.9,broken clouds
371,Whitehorse,CA,2022-09-08 02:21:54,60.7161,-135.0538,63.37,31,75,15.01,broken clouds
372,Oriximina,BR,2022-09-08 02:21:55,-1.7656,-55.8661,78.6,71,99,4.92,moderate rain
373,Riyadh,SA,2022-09-08 02:18:26,24.6877,46.7219,91.54,15,0,9.13,clear sky
374,Ondjiva,AO,2022-09-08 02:21:58,-17.0667,15.7333,65.8,20,0,7.81,clear sky
375,Goderich,CA,2022-09-08 02:21:59,43.7501,-81.7165,67.91,94,0,3.44,clear sky
376,Quesnel,CA,2022-09-08 02:22:00,52.9999,-122.5029,63.1,48,75,2.3,broken clouds
377,Half Moon Bay,US,2022-09-08 02:22:01,37.4636,-122.4286,94.87,74,0,14.97,mist
378,Stornoway,GB,2022-09-08 02:22:02,58.2093,-6.3865,57.16,96,80,4.61,broken clouds
379,Preobrazheniye,RU,2022-09-08 02:22:03,42.9019,133.9064,72.09,62,0,7.47,clear sky
380,Verkhnevilyuysk,RU,2022-09-08 02:22:04,63.4453,120.3167,47.19,74,15,9.08,few clouds
381,Kavaratti,IN,2022-09-08 02:22:05,10.5669,72.642,79.07,83,100,25.21,overcast clouds
382,Brae,GB,2022-09-08 02:22:06,60.3964,-1.353,55.78,91,100,20.11,overcast clouds
383,Sotouboua,TG,2022-09-08 02:22:07,8.5667,0.9833,71.29,94,100,2.95,overcast clouds
384,Eyl,SO,2022-09-08 02:22:08,7.9803,49.8164,77.02,67,70,20.69,broken clouds
385,Sibu,MY,2022-09-08 02:22:09,2.3,111.8167,79.11,83,40,2.3,scattered clouds
386,Long Beach,US,2022-09-08 02:22:10,33.767,-118.1892,97.97,64,0,10.36,clear sky
387,Topalu,RO,2022-09-08 02:22:11,44.55,28.05,63.5,69,0,6.76,clear sky
388,Port-Gentil,GA,2022-09-08 02:22:12,-0.7193,8.7815,75.67,86,99,14.27,light rain
389,Luwuk,ID,2022-09-08 02:22:13,-0.9516,122.7875,84.54,71,99,4.23,overcast clouds
390,Port Macquarie,AU,2022-09-08 02:22:14,-31.4333,152.9167,65.89,59,100,14.27,overcast clouds
391,Saint-Francois,FR,2022-09-08 02:22:15,46.4154,3.9054,56.64,100,0,2.3,clear sky
392,La Ronge,CA,2022-09-08 02:22:16,55.1001,-105.2842,62.85,55,100,13.8,overcast clouds
393,Coihaique,CL,2022-09-08 02:18:20,-45.5752,-72.0662,35.55,93,100,4.61,overcast clouds
394,Vagur,FO,2022-09-08 02:22:18,61.4732,-6.8119,52.32,98,100,17.98,overcast clouds
395,Pajapan,MX,2022-09-08 02:22:19,18.25,-94.7,76.87,86,77,5.53,broken clouds
396,Pakenham,AU,2022-09-08 02:22:20,-38.0667,145.4833,64.94,75,100,5.99,light rain
397,Pampas,PE,2022-09-08 02:22:21,-12.4,-74.9,49.48,83,51,4.07,broken clouds
398,Kahului,US,2022-09-08 02:22:22,20.8947,-156.47,87.82,68,20,24.16,few clouds
399,Ginir,ET,2022-09-08 02:22:23,7.1333,40.7,60.08,79,86,10.58,overcast clouds
400,Malanje,AO,2022-09-08 02:22:24,-9.5402,16.341,66.11,85,11,5.86,few clouds
401,Ancud,CL,2022-09-08 02:22:25,-41.8697,-73.8203,42.22,92,99,5.93,light rain
402,Sao Filipe,CV,2022-09-08 02:22:26,14.8961,-24.4956,78.28,90,54,15.12,broken clouds
403,Lamu,KE,2022-09-08 02:22:27,-2.2717,40.902,73.62,81,11,14.16,few clouds
404,Harnosand,SE,2022-09-08 02:22:28,62.6323,17.9379,52.0,71,93,5.75,overcast clouds
405,Marawi,PH,2022-09-08 02:22:29,7.9986,124.2928,80.13,68,100,2.28,overcast clouds
406,Sola,VU,2022-09-08 02:22:30,-13.8833,167.55,80.98,72,6,13.58,clear sky
407,Lorengau,PG,2022-09-08 02:22:31,-2.0226,147.2712,85.46,66,23,6.73,few clouds
408,Dongning,CN,2022-09-08 02:22:32,44.0622,131.1207,77.16,53,0,8.55,clear sky
409,Chuy,UY,2022-09-08 02:22:33,-33.6971,-53.4616,58.05,94,45,4.0,scattered clouds
410,Dax,FR,2022-09-08 02:22:34,43.75,-1.1667,63.99,94,100,2.3,overcast clouds
411,Aswan,EG,2022-09-08 02:22:35,24.0934,32.907,82.45,36,0,8.84,clear sky
412,Bubaque,GW,2022-09-08 02:22:36,11.2833,-15.8333,80.28,83,100,10.69,light rain
413,Lulea,SE,2022-09-08 02:22:37,65.5842,22.1547,35.67,93,75,1.14,broken clouds
414,Lagoa,PT,2022-09-08 02:22:38,39.05,-27.9833,74.62,86,100,22.53,light rain
415,Ocampo,MX,2022-09-08 02:22:39,21.65,-101.5,60.12,83,100,6.58,overcast clouds
416,Yeppoon,AU,2022-09-08 02:13:40,-23.1333,150.7333,71.38,64,97,13.87,overcast clouds
417,Smithers,CA,2022-09-08 02:20:12,54.7804,-127.1743,55.72,76,75,5.75,broken clouds
418,Tura,IN,2022-09-08 02:22:41,25.5198,90.2201,80.56,84,91,2.04,overcast clouds
419,Salalah,OM,2022-09-08 02:22:42,17.0151,54.0924,77.09,88,75,4.61,broken clouds
420,Kargil,IN,2022-09-08 02:22:24,34.5667,76.1,56.14,56,40,2.84,scattered clouds
421,Takoradi,GH,2022-09-08 02:22:44,4.8845,-1.7554,73.49,94,7,7.63,clear sky
422,West Bay,KY,2022-09-08 02:22:45,19.3667,-81.4167,84.0,81,20,0.0,few clouds
423,Kentau,KZ,2022-09-08 02:22:46,43.5206,68.5094,68.58,19,4,8.9,clear sky
424,Saint-Joseph,RE,2022-09-08 02:22:47,-21.3667,55.6167,68.38,79,24,10.11,few clouds
425,Olavarria,AR,2022-09-08 02:22:48,-36.8927,-60.3225,53.02,74,96,8.14,overcast clouds
426,Guerrero Negro,MX,2022-09-08 02:22:50,27.9769,-114.0611,78.08,77,100,21.59,overcast clouds
427,Challapalle,IN,2022-09-08 02:22:51,16.1167,80.9333,78.94,90,100,3.49,moderate rain
428,Yerbogachen,RU,2022-09-08 02:22:52,61.2767,108.0108,48.16,67,100,11.99,overcast clouds
429,Minden,DE,2022-09-08 02:22:54,52.2833,8.9167,59.99,76,99,3.56,overcast clouds
430,Barabai,ID,2022-09-08 02:22:55,-2.5833,115.3833,85.33,67,99,0.76,overcast clouds
431,Ust-Maya,RU,2022-09-08 02:22:56,60.4167,134.5333,42.82,94,100,12.01,light rain
432,Katangli,RU,2022-09-08 02:22:57,51.7102,143.2326,63.88,66,75,24.72,broken clouds
433,Sisimiut,GL,2022-09-08 02:22:58,66.9395,-53.6735,40.28,81,100,8.25,overcast clouds
434,Trojes,AL,2022-09-08 02:22:59,41.756,19.962,61.29,60,8,4.27,clear sky
435,Voh,NC,2022-09-08 02:23:00,-20.9667,164.7,74.79,70,70,6.29,broken clouds
436,Srandakan,ID,2022-09-08 02:23:01,-7.9386,110.2506,83.23,70,93,4.45,overcast clouds
437,Kupang,ID,2022-09-08 02:23:02,-10.1667,123.5833,90.18,51,20,5.75,few clouds
438,Grenada,ES,2022-09-08 02:23:03,37.1882,-3.6067,65.68,49,0,2.3,clear sky
439,Bulihan,PH,2022-09-08 02:23:05,14.2697,120.9955,87.58,70,12,5.1,few clouds
440,Hamilton,US,2022-09-08 02:21:50,39.1834,-84.5333,68.09,84,0,0.0,clear sky
441,Bairiki,KI,2022-09-08 02:23:07,1.3292,172.9752,87.8,62,20,16.11,few clouds
442,Mpongwe,ZM,2022-09-08 02:23:08,-13.5091,28.155,62.17,56,0,8.01,clear sky
443,Havre-Saint-Pierre,CA,2022-09-08 02:13:50,50.2334,-63.5986,52.16,100,0,8.05,clear sky
444,Dandong,CN,2022-09-08 02:23:10,40.1292,124.3947,74.01,70,0,0.34,clear sky
445,Guymon,US,2022-09-08 02:23:11,36.6828,-101.4816,84.2,30,0,9.22,clear sky
446,Axim,GH,2022-09-08 02:23:13,4.8699,-2.2405,73.69,94,14,7.76,few clouds
447,Hobyo,SO,2022-09-08 02:23:14,5.3505,48.5268,75.18,84,93,19.93,overcast clouds
448,Tiznit,MA,2022-09-08 02:23:15,29.5833,-9.5,71.38,60,4,1.39,clear sky
449,Svetlyy,RU,2022-09-08 02:23:16,54.675,20.1347,49.96,88,100,6.76,overcast clouds
450,Camacha,PT,2022-09-08 02:23:09,33.0833,-16.3333,69.22,83,20,6.91,few clouds
451,Amapa,BR,2022-09-08 02:23:18,1.0,-52.0,71.49,99,100,1.43,overcast clouds
452,Redmond,US,2022-09-08 02:21:47,47.674,-122.1215,74.68,58,0,1.99,clear sky
453,Bilma,NE,2022-09-08 02:23:20,18.6853,12.9164,90.9,22,47,12.1,scattered clouds
454,Dok Kham Tai,TH,2022-09-08 02:23:21,19.1624,99.9934,78.64,85,67,3.98,broken clouds
455,Hami,CN,2022-09-08 02:13:56,42.8,93.45,85.95,9,0,6.91,clear sky
456,Buin,CL,2022-09-08 02:23:23,-33.7333,-70.75,52.74,86,100,1.81,overcast clouds
457,Arcata,US,2022-09-08 02:23:24,40.8665,-124.0828,69.37,83,0,3.44,haze
458,Sao Gabriel Da Cachoeira,BR,2022-09-08 02:23:25,-0.1303,-67.0892,72.5,96,40,1.9,scattered clouds
459,Beidao,CN,2022-09-08 02:23:26,34.5686,105.8933,66.15,79,99,3.04,overcast clouds
460,Jaguaribe,BR,2022-09-08 02:23:27,-5.8906,-38.6219,77.49,49,0,11.52,clear sky
461,Taoudenni,ML,2022-09-08 02:23:28,22.6783,-3.9836,94.28,18,0,4.65,clear sky
462,Kamenka,RU,2022-09-08 02:23:29,51.3223,42.7678,44.94,54,100,8.59,overcast clouds
463,Quepos,CR,2022-09-08 02:23:30,9.4236,-84.1652,75.99,94,100,4.21,overcast clouds
464,Andenes,NO,2022-09-08 02:13:46,69.3143,16.1194,46.38,87,100,2.3,overcast clouds
465,Nelson Bay,AU,2022-09-08 02:23:32,-32.7167,152.15,71.01,64,100,13.0,overcast clouds
466,Ayan,RU,2022-09-08 02:23:33,56.45,138.1667,50.18,72,100,24.79,overcast clouds
467,Pochutla,MX,2022-09-08 02:23:34,15.7432,-96.4661,78.82,86,100,3.78,overcast clouds
468,Kununurra,AU,2022-09-08 02:23:35,-15.7667,128.7333,89.58,31,6,11.5,clear sky
469,Artigas,UY,2022-09-08 02:23:36,-30.4,-56.4667,57.04,85,0,7.74,clear sky
470,Grindavik,IS,2022-09-08 02:23:37,63.8424,-22.4338,54.07,87,75,3.44,broken clouds
471,Babu,CN,2022-09-08 02:23:38,24.4167,111.5167,88.16,62,27,0.51,scattered clouds
472,Mabaruma,GY,2022-09-08 02:23:39,8.2,-59.7833,73.69,96,45,2.82,scattered clouds
473,Thunder Bay,CA,2022-09-08 02:19:59,48.4001,-89.3168,58.98,76,0,2.3,clear sky
474,Tezu,IN,2022-09-08 02:23:41,27.9167,96.1667,77.38,82,100,2.24,moderate rain
475,Carman,CA,2022-09-08 02:23:42,49.4992,-98.0016,71.94,53,0,10.36,clear sky
476,Taksimo,RU,2022-09-08 02:23:43,56.3444,114.8794,50.76,56,42,1.63,scattered clouds
477,Kudahuvadhoo,MV,2022-09-08 02:23:44,2.6708,72.8944,82.13,75,84,14.34,broken clouds
478,Kimbe,PG,2022-09-08 02:23:45,-5.5502,150.1429,92.59,49,47,5.19,scattered clouds
479,Cockburn Town,TC,2022-09-08 02:23:46,21.4612,-71.1419,83.17,74,5,9.35,clear sky
480,Kieta,PG,2022-09-08 02:23:47,-6.2167,155.6333,85.41,67,49,7.14,light rain
481,Kunming,CN,2022-09-08 02:22:30,25.0389,102.7183,62.53,77,75,11.18,broken clouds
482,Nanortalik,GL,2022-09-08 02:23:49,60.1432,-45.2371,43.03,93,18,3.78,few clouds
483,Muravlenko,RU,2022-09-08 02:23:50,63.7898,74.523,35.15,78,20,15.73,few clouds
484,Sao Raimundo Nonato,BR,2022-09-08 02:23:52,-9.0153,-42.6994,74.89,49,44,5.21,scattered clouds
485,Puerto Rico,AR,2022-09-08 02:23:53,-26.796,-55.024,59.43,97,16,2.89,few clouds
486,Aquiraz,BR,2022-09-08 02:23:55,-3.9014,-38.3911,79.18,81,0,13.47,clear sky
487,Yarkovo,RU,2022-09-08 02:23:56,57.4028,67.0786,40.5,96,44,5.91,scattered clouds
488,Mumford,GH,2022-09-08 02:23:58,5.2618,-0.759,73.92,94,12,10.18,few clouds
489,Petropavlovsk-Kamchatskiy,RU,2022-09-08 02:23:59,53.0452,158.6483,55.99,100,75,6.71,broken clouds
490,Weymouth,US,2022-09-08 02:24:00,42.2209,-70.9398,64.4,93,20,6.91,few clouds
491,Suure-Jaani,EE,2022-09-08 02:24:01,58.5361,25.4706,40.41,88,46,4.38,scattered clouds
492,Bitam,GA,2022-09-08 02:24:02,2.076,11.5007,68.4,98,100,2.82,light rain
493,Aykhal,RU,2022-09-08 02:24:03,66.0,111.5,40.39,70,44,12.53,scattered clouds
494,Filingue,NE,2022-09-08 02:24:04,14.3521,3.3168,80.76,63,100,9.08,overcast clouds
495,Shache,CN,2022-09-08 02:24:05,38.4167,77.2406,74.89,13,0,2.26,clear sky
496,Jumla,NP,2022-09-08 02:24:06,29.2747,82.1838,64.18,84,97,0.72,overcast clouds
497,Sao Felix Do Xingu,BR,2022-09-08 02:24:07,-6.6447,-51.995,78.33,59,1,2.66,clear sky
498,Huarmey,PE,2022-09-08 02:24:08,-10.0681,-78.1522,61.2,84,12,11.05,few clouds
499,Huanren,CN,2022-09-08 02:24:09,41.2647,125.3667,75.2,56,0,2.08,clear sky
500,Maningrida,AU,2022-09-08 02:24:10,-12.0667,134.2667,88.05,52,8,7.16,clear sky
501,Mayo,US,2022-09-08 02:24:11,38.8876,-76.5119,71.04,92,100,1.99,overcast clouds
502,Touros,BR,2022-09-08 02:24:12,-5.1989,-35.4608,73.92,78,0,15.68,clear sky
503,Ponta Delgada,PT,2022-09-08 02:24:13,37.7333,-25.6667,74.12,94,40,11.5,scattered clouds
504,Brejo Da Madre De Deus,BR,2022-09-08 02:24:14,-8.1458,-36.3711,59.83,91,7,7.56,clear sky
505,Sembe,CG,2022-09-08 02:24:15,1.6481,14.5806,71.56,93,99,2.15,overcast clouds
506,Altay,CN,2022-09-08 02:24:16,47.8667,88.1167,79.45,18,12,1.88,few clouds
507,Jishou,CN,2022-09-08 02:24:17,28.3167,109.7167,80.13,49,100,3.09,overcast clouds
508,Khuzdar,PK,2022-09-08 02:24:19,27.7384,66.6434,74.79,70,0,0.94,clear sky
509,Aguadilla,PR,2022-09-08 02:24:20,18.4275,-67.1541,80.58,88,82,1.99,broken clouds
510,Neiafu,TO,2022-09-08 02:24:21,-18.65,-173.9833,83.08,69,40,9.22,scattered clouds
511,Umm Kaddadah,SD,2022-09-08 02:24:22,13.6017,26.6876,75.99,70,100,15.59,moderate rain
512,Trincomalee,LK,2022-09-08 02:24:23,8.5711,81.2335,79.68,78,100,21.61,overcast clouds
513,Schwabisch Hall,DE,2022-09-08 02:24:24,49.1113,9.7391,65.53,82,100,4.61,light rain
514,Kholodnyy,RU,2022-09-08 02:24:25,62.7167,147.95,48.47,79,100,6.96,light rain
515,Nuuk,GL,2022-09-08 02:22:33,64.1835,-51.7216,43.41,87,75,2.3,broken clouds
516,Nome,US,2022-09-08 02:24:26,64.5011,-165.4064,53.17,76,0,10.36,clear sky
517,Viedma,AR,2022-09-08 02:24:27,-40.8135,-62.9967,46.62,73,100,14.9,overcast clouds
518,Minas,UY,2022-09-08 02:24:28,-34.3759,-55.2377,57.09,89,0,5.77,clear sky
519,Forestville,US,2022-09-08 02:20:39,38.8451,-76.875,70.07,95,75,5.75,broken clouds
520,Perth,AU,2022-09-08 02:24:07,-31.9333,115.8333,61.18,70,75,10.36,broken clouds
521,Voznesenye,RU,2022-09-08 02:24:31,61.0106,35.4781,43.47,81,52,9.86,broken clouds
522,Raymond Terrace,AU,2022-09-08 02:24:32,-32.75,151.75,71.01,40,75,16.11,broken clouds
523,Steubenville,US,2022-09-08 02:24:33,40.3698,-80.634,68.58,87,0,1.01,clear sky
524,Seymchan,RU,2022-09-08 02:24:34,62.8833,152.4333,51.57,76,100,20.92,light rain
525,San Luis,AR,2022-09-08 02:24:35,-33.295,-66.3356,58.33,27,94,18.61,overcast clouds
526,Niquero,CU,2022-09-08 02:24:36,20.0431,-77.5828,80.11,78,6,2.08,clear sky
527,Yanggu,CN,2022-09-08 02:24:37,36.1106,115.7753,78.19,50,100,7.27,overcast clouds
528,Novopokrovka,UA,2022-09-08 02:24:38,49.8425,36.5477,45.37,58,31,6.76,scattered clouds
529,Mnogovershinnyy,RU,2022-09-08 02:24:39,53.9353,139.9242,52.86,63,100,26.44,overcast clouds
530,Uva,RU,2022-09-08 02:24:40,56.9908,52.1852,44.4,96,100,4.72,overcast clouds
531,Qena,EG,2022-09-08 02:24:41,26.1615,32.7183,80.51,43,0,7.2,clear sky
532,Innisfail,AU,2022-09-08 02:24:42,-17.5333,146.0333,75.81,70,97,4.7,overcast clouds
533,Palu,ID,2022-09-08 02:24:44,-0.8917,119.8707,84.13,73,94,1.34,overcast clouds
534,San Francisco,US,2022-09-08 02:24:45,37.7749,-122.4194,94.32,74,20,14.97,few clouds
535,Avera,US,2022-09-08 02:24:46,33.194,-82.5271,76.51,59,98,5.1,overcast clouds
536,Matoury,GF,2022-09-08 02:24:47,4.8483,-52.3317,75.16,94,20,0.0,few clouds
537,Tortoli,IT,2022-09-08 02:24:48,39.9256,9.6572,78.62,61,0,12.66,clear sky
538,Pa Daet,TH,2022-09-08 02:24:49,19.5049,99.9924,85.33,78,79,4.05,broken clouds
539,Santander,ES,2022-09-08 02:24:50,43.4647,-3.8044,65.46,92,0,3.44,clear sky
540,Dhidhdhoo,MV,2022-09-08 02:24:51,6.8833,73.1,80.67,80,99,17.05,overcast clouds
541,Xiashi,CN,2022-09-08 02:24:52,30.5363,120.6864,82.42,66,100,6.46,overcast clouds
542,Ulladulla,AU,2022-09-08 02:24:53,-35.35,150.4667,65.93,65,98,15.84,overcast clouds
543,Shingu,JP,2022-09-08 02:24:54,33.7333,135.9833,79.16,88,98,7.38,light rain
544,Hearst,CA,2022-09-08 02:24:55,49.6835,-83.6665,52.05,58,3,4.23,clear sky
545,Strandby,DK,2022-09-08 02:24:57,57.4915,10.4961,58.42,68,99,20.36,light rain
546,Paciran,ID,2022-09-08 02:24:58,-6.8767,112.3761,83.97,70,79,7.72,broken clouds
547,Numan,NG,2022-09-08 02:24:59,9.4667,12.0333,80.85,95,99,5.14,overcast clouds
548,De Aar,ZA,2022-09-08 02:25:00,-30.6497,24.0123,53.69,13,0,4.41,clear sky
549,Princeton,US,2022-09-08 02:21:50,25.5384,-80.4089,83.01,84,0,3.44,clear sky
550,Moron,AR,2022-09-08 02:25:02,-34.6534,-58.6198,64.98,75,0,8.57,clear sky
551,Acarau,BR,2022-09-08 02:25:03,-2.8856,-40.12,77.43,82,2,17.36,clear sky
552,Nishihara,JP,2022-09-08 02:25:04,26.1842,127.7558,85.28,68,75,19.57,broken clouds
553,Batavia,US,2022-09-08 02:23:52,41.85,-88.3126,69.93,77,0,0.0,clear sky
554,Geraldton,AU,2022-09-08 02:25:06,-28.7667,114.6,57.61,94,87,6.91,overcast clouds
555,Dzialdowo,PL,2022-09-08 02:25:07,53.2396,20.17,46.49,54,100,8.1,overcast clouds
556,Zhigansk,RU,2022-09-08 02:25:09,66.7697,123.3711,49.17,61,44,5.82,scattered clouds
557,Santa Maria,BR,2022-09-08 02:25:10,-29.6842,-53.8069,60.1,82,0,4.61,clear sky
558,Lima,PE,2022-09-08 02:20:29,-12.0432,-77.0282,58.89,85,100,13.8,overcast clouds
559,Peniche,PT,2022-09-08 02:25:11,39.3558,-9.3811,71.11,95,94,10.96,overcast clouds
560,Shasta Lake,US,2022-09-08 02:25:12,40.6804,-122.3708,104.72,23,79,2.82,broken clouds
561,Koosa,EE,2022-09-08 02:25:13,58.5255,27.0795,35.74,78,100,6.02,overcast clouds
562,Port Shepstone,ZA,2022-09-08 02:25:14,-30.7414,30.455,62.37,87,0,11.25,clear sky
563,Hervey Bay,AU,2022-09-08 02:25:15,-25.2986,152.8535,72.01,63,22,5.99,few clouds
564,Belyy Yar,RU,2022-09-08 02:25:16,53.6039,91.3903,67.89,32,0,15.66,clear sky
565,Staicele,LV,2022-09-08 02:25:17,57.8364,24.75,47.98,72,100,3.22,overcast clouds
566,Rurrenabaque,BO,2022-09-08 02:25:18,-14.4413,-67.5278,75.4,43,32,1.21,scattered clouds
567,Kyzyl-Suu,KG,2022-09-08 02:25:19,42.3414,78.0056,68.31,34,0,3.65,clear sky
568,Sinnar,SD,2022-09-08 02:25:20,13.5691,33.5672,77.95,81,100,10.51,overcast clouds
569,Jacqueville,CI,2022-09-08 02:25:21,5.2052,-4.4146,73.53,92,22,9.69,few clouds
570,Aleksandrovka,UA,2022-09-08 02:25:22,46.8383,32.7612,50.47,49,2,4.38,clear sky
571,Sao Joao Da Barra,BR,2022-09-08 02:25:23,-21.6403,-41.0511,69.55,75,26,18.88,scattered clouds
572,Alofi,NU,2022-09-08 02:25:24,-19.0595,-169.9187,80.49,69,13,11.5,few clouds
573,Adzope,CI,2022-09-08 02:25:25,6.1069,-3.8619,68.7,99,18,2.51,few clouds
574,Saint-Leu,RE,2022-09-08 02:25:26,-21.15,55.2833,69.31,71,78,8.48,broken clouds
575,Mwinilunga,ZM,2022-09-08 02:25:27,-11.7358,24.4293,59.07,40,3,5.59,clear sky
576,Muros,ES,2022-09-08 02:25:28,42.7762,-9.0603,66.16,89,97,5.37,overcast clouds
577,Jadu,LY,2022-09-08 02:25:29,31.953,12.0261,77.54,36,1,6.33,clear sky
578,Aguilar De La Frontera,ES,2022-09-08 02:25:30,37.5143,-4.6554,66.54,54,38,1.43,scattered clouds
579,Obidos,BR,2022-09-08 02:25:31,-1.9175,-55.5181,78.39,70,95,4.97,moderate rain
580,Hirara,JP,2022-09-08 02:25:32,24.8,125.2833,84.47,65,20,18.41,few clouds
581,Sangar,RU,2022-09-08 02:25:33,63.9242,127.4739,50.14,65,100,18.14,overcast clouds
582,Rognan,NO,2022-09-08 02:25:34,67.0953,15.3878,48.06,78,92,6.11,overcast clouds
583,Pompeia,BR,2022-09-08 02:25:35,-22.1086,-50.1717,67.3,61,32,7.38,scattered clouds
584,Suchiate,MX,2022-09-08 02:25:36,14.55,-92.2167,78.98,77,100,6.6,overcast clouds
585,Bintulu,MY,2022-09-08 02:25:38,3.1667,113.0333,77.41,94,40,0.0,scattered clouds
586,Mae Hong Son,TH,2022-09-08 02:25:39,19.3003,97.9685,80.74,83,75,0.0,broken clouds
587,Payson,US,2022-09-08 02:25:40,40.0444,-111.7321,86.38,23,40,5.75,scattered clouds
588,Antofagasta,CL,2022-09-08 02:25:41,-23.65,-70.4,56.48,81,61,4.23,broken clouds
589,Camara De Lobos,PT,2022-09-08 02:25:42,32.6333,-16.9667,72.72,84,20,4.61,few clouds
590,Yakeshi,CN,2022-09-08 02:25:43,49.2833,120.7333,65.44,49,3,7.49,clear sky
591,Magadan,RU,2022-09-08 02:21:23,59.5667,150.8,54.54,97,100,10.83,moderate rain
592,Rocha,UY,2022-09-08 02:25:45,-34.4833,-54.3333,56.52,93,0,6.08,clear sky
593,Killybegs,IE,2022-09-08 02:25:46,54.6333,-8.45,55.54,91,81,8.25,broken clouds
594,Haysville,US,2022-09-08 02:25:47,37.5645,-97.3523,80.82,54,0,11.5,clear sky
595,Balsas,BR,2022-09-08 02:23:57,-7.5325,-46.0356,78.01,35,9,4.05,clear sky
596,Caravelas,BR,2022-09-08 02:25:49,-17.7125,-39.2481,68.95,73,100,7.27,overcast clouds
597,Mao,ES,2022-09-08 02:25:50,39.8885,4.2658,77.56,83,0,6.91,clear sky
598,Port Moresby,PG,2022-09-08 02:25:51,-9.4431,147.1797,87.22,70,40,11.5,haze
599,Pointe Michel,DM,2022-09-08 02:25:52,15.25,-61.3833,82.36,73,100,2.95,overcast clouds
600,Nabire,ID,2022-09-08 02:25:53,-3.3667,135.4833,85.44,68,67,2.73,broken clouds
601,Cayenne,GF,2022-09-08 02:25:54,4.9333,-52.3333,75.24,94,20,0.0,few clouds
602,Deer Lake,CA,2022-09-08 02:25:55,49.1667,-57.4316,40.86,93,0,3.44,clear sky
603,Kangaatsiaq,GL,2022-09-08 02:25:56,68.3065,-53.4641,39.13,88,100,6.96,overcast clouds
604,Mount Gambier,AU,2022-09-08 02:25:57,-37.8333,140.7667,57.11,94,100,9.22,light rain
605,Grakhovo,RU,2022-09-08 02:21:11,56.0502,51.9676,45.25,90,100,6.98,overcast clouds
606,Quelimane,MZ,2022-09-08 02:25:59,-17.8786,36.8883,68.0,81,0,4.03,clear sky
607,Sambava,MG,2022-09-08 02:26:00,-14.2667,50.1667,68.59,76,98,11.5,overcast clouds
608,Rosario Do Sul,BR,2022-09-08 02:26:01,-30.2583,-54.9142,58.73,80,0,4.52,clear sky
609,Ust-Karsk,RU,2022-09-08 02:26:03,52.7011,118.8077,60.49,38,9,2.37,clear sky
610,Bressanone,IT,2022-09-08 02:26:04,46.715,11.656,67.19,98,100,0.31,overcast clouds
611,Vila Franca Do Campo,PT,2022-09-08 02:26:05,37.7167,-25.4333,73.81,93,39,11.41,light rain
612,San Isidro,PE,2022-09-08 02:26:06,-12.1167,-77.05,60.01,85,100,13.8,overcast clouds
613,Storslett,NO,2022-09-08 02:26:07,69.7678,21.0247,44.6,93,100,2.3,overcast clouds
614,Fasa,IR,2022-09-08 02:26:08,28.9383,53.6482,67.24,40,0,0.0,clear sky
615,Phonhong,LA,2022-09-08 02:26:09,18.5007,102.4166,73.63,96,100,3.0,overcast clouds
616,Auki,SB,2022-09-08 02:26:10,-8.7676,160.7034,87.22,56,84,4.5,broken clouds
617,Ferme-Neuve,CA,2022-09-08 02:26:11,46.7001,-75.4493,57.94,73,3,1.41,clear sky
618,Tres Lagoas,BR,2022-09-08 02:26:12,-20.7511,-51.6783,78.08,32,66,6.17,broken clouds
619,Laredo,US,2022-09-08 02:26:13,27.5064,-99.5075,84.49,65,40,5.75,scattered clouds
620,Sorland,NO,2022-09-08 02:26:14,67.667,12.6934,49.86,73,17,11.68,few clouds
621,Richards Bay,ZA,2022-09-08 02:26:15,-28.783,32.0377,63.61,78,0,11.92,clear sky
622,Ranfurly,NZ,2022-09-08 02:26:16,-45.1333,170.1,51.1,70,62,2.73,broken clouds
623,Sayyan,YE,2022-09-08 02:26:18,15.1718,44.3244,63.79,30,4,5.01,clear sky
624,Campo Verde,BR,2022-09-08 02:26:19,-20.4167,-54.0667,76.42,29,29,2.93,scattered clouds
625,Chingirlau,KZ,2022-09-08 02:26:21,51.095,54.0814,47.21,60,99,6.91,overcast clouds
626,Sennoy,RU,2022-09-08 02:26:22,52.1509,46.9631,42.4,69,41,4.7,scattered clouds
627,Bani,DO,2022-09-08 02:26:23,18.2833,-70.3333,79.86,81,22,0.4,few clouds
628,Hurricane,US,2022-09-08 02:26:24,37.1753,-113.2899,99.07,31,68,7.63,broken clouds
629,Mehran,IR,2022-09-08 02:26:25,33.1222,46.1646,92.5,19,0,7.58,clear sky
630,Athabasca,CA,2022-09-08 02:24:16,54.7169,-113.2854,59.41,48,57,7.7,broken clouds
631,Ratnagiri,IN,2022-09-08 02:26:28,16.9833,73.3,77.27,90,98,7.45,light rain
632,Menongue,AO,2022-09-08 02:26:29,-14.6585,17.691,59.0,29,0,4.59,clear sky
633,Sydney,AU,2022-09-08 02:21:30,-33.8679,151.2073,71.35,65,75,24.16,broken clouds
634,Duncan,US,2022-09-08 02:23:20,34.5023,-97.9578,82.29,50,0,8.05,clear sky
635,Biak,ID,2022-09-08 02:26:31,-0.9131,122.8766,81.86,71,97,3.58,overcast clouds
636,Mbini,GQ,2022-09-08 02:26:32,1.574,9.6134,75.34,89,99,7.52,light rain
637,Dahra,DZ,2022-09-08 02:26:33,36.2546,0.8519,70.99,43,39,3.06,scattered clouds
638,Astorga,BR,2022-09-08 02:26:34,-23.2325,-51.6656,68.23,67,5,7.92,clear sky
639,Mezen,RU,2022-09-08 02:26:35,65.8522,44.24,38.97,87,100,3.13,overcast clouds
640,Maarianhamina,AX,2022-09-08 02:26:36,60.0973,19.9348,37.26,93,75,4.61,broken clouds
641,Warah,PK,2022-09-08 02:26:37,27.4481,67.7978,85.51,62,0,6.49,clear sky
642,Garissa,KE,2022-09-08 02:26:38,-0.4536,39.6401,70.83,80,20,12.53,few clouds
643,New Castle,US,2022-09-08 02:26:39,41.0037,-80.347,67.33,86,75,4.61,mist
644,Suntar,RU,2022-09-08 02:26:41,62.1444,117.6319,48.7,73,24,8.79,few clouds
645,Mahibadhoo,MV,2022-09-08 02:26:42,3.7833,72.9667,80.46,83,97,13.04,overcast clouds
646,Northam,GB,2022-09-08 02:26:43,51.0333,-4.2167,59.4,96,100,10.74,overcast clouds
647,Beyneu,KZ,2022-09-08 02:26:44,45.3167,55.2,62.49,38,70,4.76,broken clouds
648,Nieuw Amsterdam,SR,2022-09-08 02:26:45,5.8833,-55.0833,80.02,86,9,9.55,clear sky
649,Dalianwan,CN,2022-09-08 02:26:46,39.0286,121.695,82.44,47,0,6.71,clear sky
650,Sana,YE,2022-09-08 02:26:47,15.3547,44.2067,66.47,31,11,5.01,few clouds
651,Lucea,JM,2022-09-08 02:26:48,18.451,-78.1736,82.26,76,0,1.99,clear sky
652,Phan Thiet,VN,2022-09-08 02:26:25,10.9333,108.1,82.08,74,98,8.1,overcast clouds
653,Shitanjing,CN,2022-09-08 02:26:50,39.2342,106.3439,72.48,36,5,4.81,clear sky
654,Malakal,SS,2022-09-08 02:26:51,9.5334,31.6605,71.49,94,86,2.95,overcast clouds
655,Luchegorsk,RU,2022-09-08 02:23:21,46.4764,134.2569,68.67,71,50,14.12,scattered clouds
656,Kirakira,SB,2022-09-08 02:26:53,-10.4544,161.9205,85.17,68,16,10.18,few clouds
657,Panukulan,PH,2022-09-08 02:26:54,14.9333,121.8144,84.04,76,91,5.68,overcast clouds
658,Lota,CL,2022-09-08 02:26:55,-37.0833,-73.1667,47.66,78,38,8.86,scattered clouds
659,Ketchikan,US,2022-09-08 02:26:56,55.3422,-131.6461,61.27,59,75,6.91,broken clouds
660,Aasiaat,GL,2022-09-08 02:26:57,68.7098,-52.8699,36.41,92,100,6.02,overcast clouds
661,Saint-Pierre,RE,2022-09-08 02:26:58,-21.3393,55.4781,69.91,61,100,3.44,overcast clouds
662,Karangasem,ID,2022-09-08 02:26:59,-8.45,115.6167,80.89,78,44,5.01,scattered clouds
663,Grand Gaube,MU,2022-09-08 02:27:00,-20.0064,57.6608,68.4,70,91,13.02,overcast clouds
664,Dunmore East,IE,2022-09-08 02:27:02,52.1514,-6.9861,61.0,76,97,18.92,overcast clouds
665,Corum,TR,2022-09-08 02:27:03,40.5,34.75,45.03,90,0,3.11,clear sky
666,Morro Bay,US,2022-09-08 02:23:51,35.3658,-120.8499,96.93,48,9,5.01,clear sky
667,Port Arthur,CN,2022-09-08 02:27:05,38.8,121.2667,82.62,65,0,7.85,clear sky
668,Muyezerskiy,RU,2022-09-08 02:27:06,63.9333,31.65,35.02,94,99,3.76,overcast clouds
669,Desaguadero,PE,2022-09-08 02:27:08,-16.5656,-69.0417,46.94,39,2,4.74,clear sky
670,Yazman,PK,2022-09-08 02:27:09,29.1212,71.7446,90.5,40,0,2.26,clear sky
671,Bowen,AU,2022-09-08 02:27:11,-20.0167,148.2333,73.13,65,2,12.08,clear sky
672,Arlit,NE,2022-09-08 02:27:12,18.7369,7.3853,93.72,17,78,11.99,broken clouds
673,Pokrovskoye,RU,2022-09-08 02:27:13,47.4157,38.8971,50.31,48,2,2.39,clear sky
674,Bathsheba,BB,2022-09-08 02:27:14,13.2167,-59.5167,83.01,78,40,8.05,scattered clouds
675,Anapskaya,RU,2022-09-08 02:27:15,44.89,37.38,55.63,50,0,8.95,clear sky
676,Chabahar,IR,2022-09-08 02:27:16,25.2919,60.643,78.78,75,31,3.47,scattered clouds
677,Darhan,MN,2022-09-08 02:27:17,49.4867,105.9228,72.21,43,0,7.9,clear sky
678,Mairana,BO,2022-09-08 02:27:18,-18.1167,-63.9333,52.3,70,0,4.25,clear sky
679,Deloraine,AU,2022-09-08 02:27:19,-41.5333,146.6667,62.15,70,100,4.0,overcast clouds
680,Sao Miguel Do Araguaia,BR,2022-09-08 02:24:16,-13.275,-50.1628,80.82,30,14,6.58,few clouds
681,Oksfjord,NO,2022-09-08 02:27:21,70.2396,22.3479,46.58,84,99,5.48,overcast clouds
682,Kampot,KH,2022-09-08 02:27:22,10.6167,104.1833,82.45,93,100,12.86,overcast clouds
683,Krasnyye Chetai,RU,2022-09-08 02:27:23,55.6887,46.1386,44.47,92,100,6.44,light rain
684,Male,MV,2022-09-08 02:27:24,4.1748,73.5089,82.35,83,75,14.97,broken clouds
685,Imbituba,BR,2022-09-08 02:27:25,-28.24,-48.6703,65.86,97,72,10.8,broken clouds
686,Ardakan,IR,2022-09-08 02:27:26,32.31,54.0175,76.21,12,0,4.36,clear sky
687,Portland,US,2022-09-08 02:26:09,45.5234,-122.6762,77.9,53,94,5.99,overcast clouds
688,Madoc,CA,2022-09-08 02:26:21,44.5084,-77.4745,66.96,91,4,2.62,clear sky
689,Akot,IN,2022-09-08 02:27:29,21.0964,77.0586,79.34,84,95,5.99,overcast clouds
690,Mutare,ZW,2022-09-08 02:27:30,-18.9707,32.6709,50.61,96,12,2.62,few clouds
691,Kasama,ZM,2022-09-08 02:27:31,-10.2129,31.1808,54.54,70,1,3.85,clear sky
692,Namtsy,RU,2022-09-08 02:27:33,62.7161,129.6658,50.41,60,100,22.3,overcast clouds
693,Poplar Bluff,US,2022-09-08 02:27:34,36.757,-90.3929,73.18,80,0,0.0,clear sky
694,Mizdah,LY,2022-09-08 02:27:35,31.4451,12.9801,73.99,54,0,5.46,clear sky
695,Neijiang,CN,2022-09-08 02:27:36,29.5835,105.0622,73.54,80,100,7.96,overcast clouds
696,Kandava,LV,2022-09-08 02:27:37,57.0409,22.7747,49.46,70,100,3.78,overcast clouds
697,Sabang,ID,2022-09-08 02:27:39,5.8933,95.3214,82.53,70,98,18.37,overcast clouds
698,Vung Tau,VN,2022-09-08 02:27:40,10.346,107.0843,79.95,82,85,9.86,overcast clouds
699,Klichka,RU,2022-09-08 02:27:41,50.4457,117.996,62.82,41,31,4.12,scattered clouds
700,Nanyamba,TZ,2022-09-08 02:27:42,-10.6833,39.8333,61.03,96,3,3.65,clear sky
701,Barletta,IT,2022-09-08 02:27:43,41.3118,16.2908,73.67,55,86,4.43,overcast clouds
702,Elena,BG,2022-09-08 02:27:44,42.9333,25.8833,59.97,72,3,4.88,clear sky
703,Mujiayingzi,CN,2022-09-08 02:27:45,42.1167,118.7833,83.43,21,0,8.86,clear sky
